EPPO_code,Name,Number,Title,Date,URL,Content
LIBEAF,'Candidatus Liberibacter africanus',2024/158,New biological control agent added to PM 6/3(5) in 2024,2024-07,https://gd.eppo.int/reporting/article-7908,"EPPO Reporting Service no. 07 - 2024
Num. article:
2024/158
New biological control agent added to PM 6/3(5) in 2024
In 2023,
Tamarixia dryi
(Hymenoptera: Eulophidae) was added to the EPPO Standard PM 6/3(5) Biological control agents safely used in the EPPO region, Appendix 2-classical BCAs successfully established in the EPPO region.
T. dryi
is a biological control agent for species of
Trioza erytreae
(Hemiptera: Triozidae) a vector of ‘
Candidatus
Liberibacter africanus’, ‘
Candidatus
Liberibacter americanus’ and ‘
Candidatus
Liberibacter asiaticus’ (EPPO A1 pest).
T. dryi
is utilised as a classical biological control agent in the EPPO region. It is indigenous to South Africa, it has been successfully established in the EPPO region for five years and there are no previous reports of adverse effects.
Sources
EPPO (2021) PM 6/3(5) Biological control agents safely used in the EPPO region.
EPPO Bulletin
51
, 452-454"
LIBEAF,'Candidatus Liberibacter africanus',2023/196,Update on the situation of Diaphorina citri in Cyprus,2023-09,https://gd.eppo.int/reporting/article-7678,"EPPO Reporting Service no. 09 - 2023
Num. article:
2023/196
Update on the situation of Diaphorina citri in Cyprus
Diaphorina citri
(vector of ‘
Candidatus
Liberibacter asiaticus’ - Hemiptera: Psyllidae, EPPO A1 List) was first reported in Cyprus in August 2023 in the municipality of Asómatos in Limassol District (EPPO
RS 2023/178
). Further surveys were conducted, and the psyllid was detected in citrus orchards in the southern coastal part of the island (Limassol, Larnaca, Paphos and Ammochostos districts).
D. citri
was not detected in the area of Nicosia and in the northern part of Cyprus (Polis Chrysochous area in Paphos district) where citrus are cultivated. All samples were tested for
Liberibacter
species causing huanglongbing following EPPO Diagnostic Protocol PM 7/121 and the results were negative.
The pest status of
Diaphorina citri
in Cyprus is officially declared as:
Present, only in some parts of the Member State concerned, under eradication.
Sources
NPPO of Cyprus (2023-09).
EPPO Standard PM7/121(2) Diagnostic Protocol for
'Candidatus
Liberibacter africanus’, ‘
Candidatus
Liberibacter americanus’ and ‘
Candidatus
Liberibacter asiaticus’. Available at
https://gd.eppo.int/taxon/LIBEAS/documents"
LIBEAF,'Candidatus Liberibacter africanus',2020/196,First report of ‘Candidatus Liberibacter africanus’ in Angola,2020-09,https://gd.eppo.int/reporting/article-6874,"EPPO Reporting Service no. 09 - 2020
Num. article:
2020/196
First report of ‘Candidatus Liberibacter africanus’ in Angola
In Angola, a survey on huanglongbing (associated with ‘
Candidatus
Liberibacter spp.’ – EPPO A1 List) was conducted in July 2019 in 2 citrus nurseries in Luanda and Caxito, and in different orchards in 7 farms surrounding Calulo and Quibala. Yellow sticky traps for insects were placed at the various localities and collected after approximately 3 weeks. Leaf galls suggesting the presence of
Trioza erytreae
(Hemiptera: Triozidae – EPPO A2 List – vector of huanglongbing) were observed on citrus in some locations, but no specimens were caught on traps. Citrus trees were inspected for symptoms of huanglongbing and signs of its vectors. Leaves and shoots showing suspect symptoms were sampled and tested in the laboratory (43 samples). Molecular tests (real-time PCR, sequencing) confirmed the presence of ‘
Ca
. Liberibacter africanus’ in 6 samples which had been collected from symptomatic citrus trees in a commercial farm near Calulo (2
Citrus reticulata
and 3
C. sinensis
trees) and in a nursery in Luanda (1
C. aurantifolia
tree). This is the first time that ‘
Ca
. L. africanum’ is reported from Angola. It is concluded that further surveys are needed to determine the occurrence of huanglongbing and its vectors in Angola, and that measures should be taken to prevent further spread of the disease.
The situation of ‘
Candidatus
Liberibacter africanus’ in Angola can be described as follows:
Present, only in some areas (first found in 2019, near Calulo and Luanda).
Sources
Fourie P, Kirkman W, Cook G, Steyn C, de Bruyn R, Bester R, Roberts R, DM Bassimba D, José CM, Maree HJ (2020) First report of ‘
Candidatus
Liberibacter africanus’ associated with African greening of citrus in Angola.
Plant Disease
(in press).
https://doi.org/10.1094/PDIS-06-20-1392-PDN"
LIBEAF,'Candidatus Liberibacter africanus',2020/113,New and revised dynamic EPPO datasheets are available in the EPPO Global Database,2020-06,https://gd.eppo.int/reporting/article-6791,"EPPO Reporting Service no. 06 - 2020
Num. article:
2020/113
New and revised dynamic EPPO datasheets are available in the EPPO Global Database
The EPPO Secretariat is in the process of revising the EPPO datasheets on pests recommended for regulation. This project is also supported by an EU grant agreement. This revision provides the opportunity to create dynamic datasheets in the EPPO Global Database in which the sections on pest identity, host range and geographical distribution are automatically generated by the database. It is planned that these dynamic datasheets will progressively replace the PDF documents that are currently stored in the database. Since the previous report (EPPO
RS 2020/090
), The following revised EPPO datasheets have been published in the EPPO Global Database:
‘
Candidatus
Liberibacter africanus’:
https://gd.eppo.int/taxon/LIBEAF/datasheet
‘
Candidatus
Liberibacter americanus’:
https://gd.eppo.int/taxon/LIBEAM/datasheet
‘
Candidatus
Liberibacter asiaticus’:
https://gd.eppo.int/taxon/LIBEAS/datasheet
Citrus tristeza virus:
https://gd.eppo.int/taxon/CTV000/datasheet
Ips
amitinus
:
https://gd.eppo.int/taxon/IPSXAM/datasheet
Neoleucinodes
elegantalis
:
https://gd.eppo.int/taxon/NEOLEL/datasheet
Paysandisia
archon
:
https://gd.eppo.int/taxon/PAYSAR/datasheet
Phyllosticta
citricarpa
:
https://gd.eppo.int/taxon/GUIGCI/datasheet
Spodoptera
frugiperda
:
https://gd.eppo.int/taxon/LAPHFR/datasheet
Trirachys sartus
:
https://gd.eppo.int/taxon/AELSSA/datasheet
Sources
EPPO Secretariat (2020-06)."
LIBEAF,'Candidatus Liberibacter africanus',2020/100,First report of ‘Candidatus Liberibacter africanus’ in Nigeria,2020-05,https://gd.eppo.int/reporting/article-6778,"EPPO Reporting Service no. 05 - 2020
Num. article:
2020/100
First report of ‘Candidatus Liberibacter africanus’ in Nigeria
In Nigeria, a specific survey on huanglongbing (associated with ‘
Candidatus
Liberibacter spp.’; EPPO A1 List) was carried out in citrus orchards in April 2018. Twenty sites were surveyed in Benue and Nasarawa states, and symptomatic trees were observed in 11 sites. Five symptomatic trees per site were randomly selected, and leaf samples were collected from sweet orange (
Citrus sinensis
) plants showing typical huanglongbing symptoms, including mild to severe yellowing on the shoots and mottling and chlorosis on the leaves. Laboratory tests (PCR, sequencing) confirmed the presence of ‘
Ca.
Liberibacter africanus’ in all leaf samples collected from 4 sites in Benue state. All samples from Nasarawa state gave negative results. This is the first record of ‘
Ca.
Liberibacter africanus’ in Nigeria.
The situation of ‘Candidatus Liberibacter africanus’ in Nigeria can be described as follows:
Present, only in some areas (first found in 2018 in Benue state).
Sources
Ajene IJ, Khamis F, Mohammed S, Adediji AO, Atiri GI, Kazeem SA, Ekesi S (2020) First report of ‘
Candidatus
Liberibacter africanus’ associated with citrus greening disease in Nigeria.
Plant Disease
104
(5), p 1535.
https://doi.org/10.1094/PDIS-11-19-2380-PDN"
LIBEAF,'Candidatus Liberibacter africanus',2020/053,Distribution of Candidatus Liberibacter species associated with huanglongbing in Eastern Africa and first report of ‘Candidatus Liberibacter asiaticus’ in Kenya,2020-03,https://gd.eppo.int/reporting/article-6731,"EPPO Reporting Service no. 03 - 2020
Num. article:
2020/053
Distribution of Candidatus Liberibacter species associated with huanglongbing in Eastern Africa and first report of ‘Candidatus Liberibacter asiaticus’ in Kenya
In Africa, huanglongbing is mainly associated with the bacterium ‘
Candidatus
Liberibacter africanus’ (EPPO A1 List) principally transmitted by
Trioza erytreae
(EPPO A2 List). Several subspecies of ‘
Ca
. L. africanus’ have been reported, including ‘
Ca.
L. africanus subsp. capensis’, ‘
Ca.
L. africanus subsp. clausenae’, ‘
Ca.
L. africanus subsp. teclae’, ‘
Ca.
L. africanus subsp. vepridis’, and ‘
Ca.
L. africanus subsp. zanthoxyli’. ‘
Ca.
L. asiaticus’ (EPPO A1 List) was first reported in Africa in Ethiopa in 2010, and (another of its vectors)
Diaphorina citri
(EPPO A1 List) was first recorded in Tanzania and in Kenya in 2016 and 2017, respectively (EPPO
RS 2017/166
).
Surveys were conducted in Uganda (300 sites), Ethiopia (170 sites) and Kenya (9 sites) to assess the status of huanglongbing in these countries, identify the associated Liberibacter species in citrus plants and their psyllid vectors. In Ethiopia, huanglongbing symptoms were not seen at low altitudes (<1000 m; Oromia region) but were found at high altitudes (1 876–2 116 m; Gondar region). Symptoms were found in 26% of the Ugandan sites, 20.6% of the Ethiopian sites and 66.6% of the sites surveyed in Kenya.
Trioza erytreae
was found at 10 sites in Uganda and 7 sites in Ethiopia, but not in any of the sites in Kenya. Conversely,
D. citri
was found at all sites in Kenya at the time of the survey, but not in Uganda or Ethiopia. Sequencing showed that ‘
Ca
. L. africanus’ and ‘
Ca.
L. africanus subsp. capensis’ occurred together in the western region in Uganda, and that ‘
Ca.
L. africanus subsp. clausenae’ is the only species found in the eastern region. In Ethiopia, ‘
Ca.
L. africanus subsp. clausenae’ (75%), ‘
Ca.
L. asiaticus’ (25%) and ‘
Ca
. L. africanus’ (4%) occurred in the Gondar region while only ‘
Ca.
L. asiaticus’ was found in Tigray and Wollo regions. In Kenya, ‘
Ca.
L. asiaticus’ was present at the Coastal region, while ‘
Ca.
L. africanus subsp. clausenae’ was found in the western region. This is the first report of ‘
Ca
Liberibacter asiaticus’ in Kenya.
The situation of
‘Candidatus
Liberibacter asiaticus
’
in Kenya can be described as follows:
Present, in the Coastal region.
Sources
Ajene IJ, Khami FM, van Asch B, Pietersen G, Seid N, Rwomushana I, Ombura FLO, Momanyi G, Finyange P, Rasowo BA, Tanga CM, Mohammed S, Ekesi S (2020) Distribution of
Candidatus
Liberibacter species in Eastern Africa, and the first report of
Candidatus
Liberibacter asiaticus in Kenya.
Scientific Reports
10,
3919
https://doi.org/10.1038/s41598-020-60712-0"
LIBEAF,'Candidatus Liberibacter africanus',2019/200,New EU Regulations,2019-10,https://gd.eppo.int/reporting/article-6630,"EPPO Reporting Service no. 10 - 2019
Num. article:
2019/200
New EU Regulations
Emergency measures against
Tomato brown rugose fruit virus
The EU Commission has established emergency measures to prevent the introduction into, and the spread within the EU of
Tomato brown rugose fruit virus
(
Tobamovirus,
ToBRFV- EPPO Alert List). This Decision will apply from 1 November 2019 until 31 March 2022 (EU, 2019a).
List of priority pests
The EU recently published a list of 20 priority pests (as defined in Article 6(2) of Regulation (EU) 2016/2031). For these specific pests, EU Member States will have to adopt enhanced provisions: information campaigns to the public if the pests are present in their territory, implement annual surveys, prepare contingency plans, simulation exercises and action plans for eradication. The priority pests are as follows:
Agrilus anxius, Agrilus planipennis, Anastrepha ludens, Anoplophora chinensis, Anoplophora glabripennis, Anthonomus eugenii, Aromia bungii, Bactericera cockerelli, Bactrocera dorsalis, Bactrocera zonata, Bursaphelenchus xylophilus, Candidatus
Liberibacter spp. causal agents of Huanglongbing disease of citrus/citrus greening
, Conotrachelus nenuphar, Dendrolimus sibiricus, Phyllosticta citricarpa, Popillia japonica, Rhagoletis pomonella, Spodoptera frugiperda, Thaumatotibia leucotreta, Xylella fastidiosa
(EU, 2019b).
Other Implementing Regulations
Other Implementing Regulations were published earlier in 2019 and will apply from 14 December 2019:
All plants (including living parts of plants) will need to be accompanied by a phytosanitary certificate to enter into the EU, unless they are listed in Commission Implementing Regulation (EU) 2018/2019.
Commission Implementing Regulation (EU) 2018/2019 establishes the list of high risk plants, the introduction of these plants into the EU territory will be provisionally prohibited from 14 December 2019 until a full risk assessment has been carried out.
Sources
EU (2016) Regulation (EU) 2016/2031 of the European Parliament of the Council of 26 October 2016 on protective measures against pests of plants, amending Regulations (EU) No 228/2013, (EU) No 652/2014 and (EU) No 1143/2014 of the European Parliament and of the Council and repealing Council Directives 69/464/EEC, 74/647/EEC, 93/85/EEC, 98/57/EC, 2000/29/EC, 2006/91/EC and 2007/33/EC.
http://data.europa.eu/eli/reg/2016/2031/oj
EU (2018) Commission Implementing Regulation (EU) 2018/2019 of 18 December 2018 establishing a provisional list of high risk plants, plant products or other objects, within the meaning of Article 42 of Regulation (EU) 2016/2031 and a list of plants for which phytosanitary certificates are not required for introduction into the Union, within the meaning of Article 73 of that Regulation. OJ L 323, 10–15,
http://data.europa.eu/eli/reg_impl/2018/2019/oj
EU (2019a) Commission Implementing Decision (EU) 2019/1615 of 26 September 2019 establishing emergency measures to prevent the introduction into and the spread within the Union of Tomato brown rugose fruit virus (ToBRFV). OJ L 250, 91-94,
http://data.europa.eu/eli/dec_impl/2019/1615/oj
EU (2019b) Commission Delegated Regulation (EU) 2019/1702 of 1 August 2019 supplementing Regulation (EU) 2016/2031 of the European Parliament and of the Council by establishing the list of priority pests. OJ L 260, 8–10,
http://data.europa.eu/eli/reg_del/2019/1702/oj
New EU plant health rules:
https://ec.europa.eu/food/plant/plant_health_biosecurity/legislation/new_eu_rules_en"
LIBEAF,'Candidatus Liberibacter africanus',2019/113,Recommendations to policy makers from Euphresco projects,2019-06,https://gd.eppo.int/reporting/article-6543,"EPPO Reporting Service no. 06 - 2019
Num. article:
2019/113
Recommendations to policy makers from Euphresco projects
The following research project has recently been carried out in the framework of Euphresco (network for phytosanitary research coordination and funding – hosted by EPPO). The report presenting the main objectives and results of this project, as well as recommendations made to policy makers, can be viewed on the Internet.
Comparison of multiple real-time PCR & real-time LAMP detection methods for the plant pathogen ‘
Candidatus
Liberibacter' spp. causing the Huanglongbing disease on
Citrus
spp. (HLBVALID)
Visual inspection of symptomatic plants is a routine method for the surveillance of huanglongbing (citrus greening) disease, but symptoms can be misinterpreted. Conventional PCR tests can lead to false negative results due to the low titre and uneven distribution of the bacterium in the host plant, especially at an early stage of infection. Several real-time PCR tests have been developed recently.
The project aimed to compare the performance of three real-time PCR tests (Bertolini
et al
., 2014; Li
et al
., 2006; Morgan
et
al
., 2012) and the conventional duplex PCR from Teixeira
et al
. (2005) and Hocquellet
et al
. (1999).
The real-time PCR test from
Li
et al
. (2006)
and the conventional duplex PCR performed best for both
'
Candidatus
Liberibacter asiaticus'
and
'
Candidatus
Liberibacter africanus'
.
Authors
: Cellier G, Cruz L, Sá Pereira P, Andrade E, Cubero J, Redondo C, Sabuquillo P, Roselló M, Devorshak C, D'Onghia AM, Yaseen T, Ince E, Nilüfer Y, Güler PG.
Duration of the project
: from
2016-09-01 to 2019-04-30.
Report
:
https://zenodo.org/record/3243371#.XP_Z5lwzbct
Sources
Euphresco (2019-06).
https://www.euphresco.net/projects/"
LIBEAF,'Candidatus Liberibacter africanus',2018/082,Huanglongbing and citrus canker are absent from Egypt,2018-04,https://gd.eppo.int/reporting/article-6276,"EPPO Reporting Service no. 04 - 2018
Num. article:
2018/082
Huanglongbing and citrus canker are absent from Egypt
The NPPO of Egypt officially informed the EPPO Secretariat that despite the information stated in two recent papers (Tolba, 2017; Tolba and Soliman, 2015), huanglongbing (associated with ‘
Candidatus
Liberibacter asiaticus’, ‘
Ca
. L. africanus’, ‘
Ca
. L. americanus’ – EPPO A1 List) and citrus canker (
Xanthomonas citri
subsp
. citri
- EPPO A1 List) do not occur in Egypt. Following the publication of the two papers, the Central Administration of Plant Quarantine have immediately conducted investigations with the Agricultural Research Centre (ARC) and the Plant Pathology Research Institute (PPRI). Citrus canker, as well as huanglongbing and its vectors, were not detected during survey programmes nor reported by growers. The NPPO of Egypt officially confirms that its territory is free from both citrus canker and huanglongbing.
Sources
NPPO of Egypt (2018-03).
Tolba IH (2017) Etiological and some epidemiological features of bacterial citrus canker in Egypt.
Journal of Plant Protection and Pathology, Mansour University
8
(6), 247-259.
Tolba IH, Soliman MA (2015) Citrus huanglongbing (greening disease) in Egypt: symptoms documentation and pathogen detection. American-Eurasian
Journal of Agricultural and Environmental Sciences
15
(10), 2045-2058."
LIBEAF,'Candidatus Liberibacter africanus',2016/111,First report of Diaphorina citri in Tanzania,2016-06,https://gd.eppo.int/reporting/article-5856,"EPPO Reporting Service no. 06 - 2016
Num. article:
2016/111
First report of Diaphorina citri in Tanzania
In Tanzania, intensive surveys on huanglongbing (associated with ‘
Candidatus
Liberibacter africanus’ – EPPO A1 List) and its vector
Trioza erytreae
(Hemiptera: Triozidae – EPPO A2 List) were conducted in 2014-2015 in 4 regions (Tanga, Coast, Morogoro and Kagera). These surveys were conducted in citrus orchards and on backyard citrus trees at various altitudes: high (>700 m), medium (300-600 m) and low (<200m). Trees were inspected for the presence of huanglongbing symptoms and leaf galls caused by
T. erytreae
. Symptomatic leaf samples and psyllid specimens were also collected for further testing. Results showed that
T. erytreae
adults and nymphs were abundant in the highlands and less abundant at medium altitudes. Unexpectedly, adults and nymphs of the other known psyllid vector of huanglongbing,
Diaphorina citri
(Hemiptera: Liviidae – EPPO A1 List), were found at medium altitudes around Morogoro. No psyllid vectors of huanglongbing were observed at low altitudes. The presence of
D. citri
in Tanzania is also a first record for mainland Africa. Severe huanglongbing symptoms, including tree decline, were observed at high altitudes, while only occasional and mild symptoms were observed at medium and low altitudes. Leaf and psyllid samples were collected and tested (different PCR methods with several primer sets, sequencing and phylogenetic analysis) for the presence of ‘
Candidatus
Liberibacter spp.’ ‘
Ca
. L. africanus’ was detected in leaf and
T. erytreae
samples collected from high and medium altitudes. The presence of ‘
Ca
. L. asiaticus’ could not be confirmed by all methods. Preliminary positive results were obtained by qPCR on 4 adult specimens of
T. erytreae
but were not confirmed by other methods and are therefore suspected to be cross-reactions with ‘
Ca
. L. africanus’. It is also recalled that during another study, the presence of ‘
Ca
. L. asiaticus’ had been reported once in Ethiopia (where
D. citri
has not been found). Finally, all
D. citri
specimens tested negative for the presence of ‘
Ca
. L. asiaticus and ‘
Ca
. L. africanus’. In addition to these surveys, the potential distribution of
D. citri
and ‘
Ca
. L. asiaticus’ in Africa and Europe has been studied using two predictive models (Maxent and Multi-Model-Framework). Both models predicted that most of the citrus-growing areas in Africa and some in Europe are suitable for the establishment of
D. citri
. Some areas were predicted as being unsuitable such as the Balkans, Egypt, Greek islands, Northern Italy, Central Spain, central parts of South Africa, and Turkey (except for the coast). In addition, some areas within Algeria, Morocco and Tunisia were also predicted as being unsuitable for
D. citri
establishement.
It is concluded that more tests should be conducted on psyllids in Tanzania for the presence of ‘
Ca
. L. asiaticus’, as for the moment it cannot be concluded whether it is present or not in Tanzania. It is also noted that the Morogoro area where
D. citri
has been found is also an area where citrus nurseries are located. The arrival of
D. citri
in mainland Africa represents a serious threat to African citriculture, and possibly to other continents and Europe in particular. It is stressed that phytosanitary measures should be undertaken to prevent movement of
D. citri
within and outside Tanzania.
Sources
Shimwela MM, Narouei-Khandan, HA, Halbert SE, Keremane ML, Minsavage GV, Timilsina S, Massawe DP, Jones JB, van Bruggen AHC (2016) First occurrence of
Diaphorina citri
in East Africa, characterization of the
Ca
. Liberibacter species causing huanglongbing (HLB) in Tanzania, and potential further spread of
D. citri
and HBL in Africa and Europe.
European Journal of Plant Pathology
doi: 10.1007/s10658-016-0921-y"
LIBEAF,'Candidatus Liberibacter africanus',2010/175,New additions to the EPPO Lists,2010-10,https://gd.eppo.int/reporting/article-656,"EPPO Reporting Service no. 10 - 2010
Num. article:
2010/175
New additions to the EPPO Lists
In September 2010, the EPPO Council approved the addition of the following pests to the EPPO A1 and A2 Lists of pests recommended for regulation as quarantine pests. In order to draw the attention of NPPOs to these newly added pests, they have also been placed on the EPPO Action List. The later displays management measures which are recommended to the EPPO member countries and brief descriptions of the areas endangered by these pests. As some A1 pests are now found with a limited distribution in the EPPO region, they were transferred to the A2 List.
Addition to the A1 List (pests absent from the EPPO region):
Bactrocera invadens
(Diptera: Tephritidae)
Epitrix subcrinita
(Coleoptera: Chrysomelidae)
Saperda candida
(Coleoptera: Cerambycidae)
Additions to the A2 List (pests locally present in the EPPO region):
Epitrix similaris
(Coleoptera: Chrysomelidae)
Meloidogyne enterolobii
Transfers from the A1 List to the A2 List:
Bursaphelenchus xylophilus
Diaporthe vaccinii
Gibberella circinata
Addition of already listed pests to the Action List (urgent phytosanitary concern)
The EPPO Working Party on Phytosanitary Regulations considered that the following pests (already listed on the EPPO A1 List) presented an urgent phytosanitary concern and recommended that they should be added to the EPPO Action List:
Citrus huanglongbing (‘
Candidatus
Liberibacter africanum’, ‘
Ca
. L. asiaticum’, ‘
Ca
. L. americanum) and its psyllid vectors (
Diaphorina citri
and
Trioza erytreae
)
Epitrix cucumeris
and
E. tuberis
(Coleoptera: Chrysomelidae)
For each individual pest, datasheets and distribution maps are being prepared and will be available in due course on the EPPO web site.
Sources
EPPO Secretariat, 2010-09.
EPPO A1 List:
http://www.eppo.org/QUARANTINE/listA1.htm
EPPO A2 List:
http://www.eppo.org/QUARANTINE/listA2.htm
EPPO Action List:
http://www.eppo.org/QUARANTINE/Action_List/action_list.htm"
LIBEAF,'Candidatus Liberibacter africanus',2009/088,"Cultivation of ‘Candidatus Liberibacter asiaticus’, ‘Ca. L. africanus’ and ‘Ca. L. americanus’",2009-05,https://gd.eppo.int/reporting/article-224,"EPPO Reporting Service no. 05 - 2009
Num. article:
2009/088
Cultivation of ‘Candidatus Liberibacter asiaticus’, ‘Ca. L. africanus’ and ‘Ca. L. americanus’
Huanglongbing (EPPO A1 List) is a citrus disease associated with several phloem-limited bacteria which had previously not been able to be cultured (in particular to verify Kochs’ postulates). A new growing medium (called Liber A) has been designed and used successfully to cultivate the three species of ‘Candidatus Liberibacter’ associated with huanglongbing (i.e. ‘
Ca.
Liberibacter asiaticus’, ‘
Ca
. L. africanus’ and ‘
Ca
. L. americanus’). Two strains of ‘
Ca
. L. asiaticus’ and one strain of ‘
Ca
. L. americanus were found to be pathogenic on citrus and were re-isolated from tissues of inoculated trees and seedlings 9 and 2 months after inoculation (by leaf infiltration), respectively. It is considered that Koch’s postulates have not been fully completed by inoculating mature trees and reproducing the entire disease etiology. However, this partial fulfilment of Kochs’ postulates showed that both ‘
Ca
. L. asiaticus’ and ‘
Ca
. L. americanus’ are pathogens of citrus, causing huanglongbing–like symptoms, and are likely to be major components of the disease (although it cannot be excluded that the disease might be a syndrome involving other factors).
Sources
Secher A, Schuenzel EL, Cooke P, Donnua S, Thaveechai N, Postnikova E, Stone AL, Schneider WL, Damsteegt VD, Schaad NW (2009) Cultivation of ‘
Candidatus
Liberibacter asiaticus’, ‘
Ca
. L. africanus’ and ‘
Ca
. L. americanus’ associated with huanglongbing.
Phytopathology
99
(5), 480-486."
LIBEAF,'Candidatus Liberibacter africanus',2001/081,New data on quarantine pests and pests of the EPPO Alert List,2001-05,https://gd.eppo.int/reporting/article-2906,"EPPO Reporting Service no. 05 - 2001
Num. article:
2001/081
New data on quarantine pests and pests of the EPPO Alert List
By browsing through the literature, the EPPO Secretariat has extracted the following new data concerning quarantine pests and pests included on the EPPO Alert List. The situation of the pest concerned is indicated in bold, using the terms of ISPM no. 8.
New geographical records
Aleurodicus dispersus
(Alert List) is reported for the first time from Venezuela.
Present, no details
. Review of Agricultural Entomology, 89(3), p 424 (3191).
Bemisia tabaci
(EPPO A2 quarantine pest) was recently found in Korea Republic on
Glycine
max
,
Euphorbia pulcherrima
and hybrid
Rosa
. Both B biotype and non-B biotypes were identified .
Present, no details.
Review of Agricultural Entomology, 89(1), p 16 (106).
Ceratitis rosa
(EPPO A1 quarantine pest) occurs in Guinea. In particular, it occurs in coastal areas on mango crops (
Mangifera indica
).
Present, at least in coastal areas
. Review of Agricultural Entomology, 89(2), p 176 (1295).
Toxoptera citricida
(EPPO A1 quarantine pest) was observed for the first time in Mexico in April 2000, in the State of Quintana Roo. This is the first confirmed report of
T. citricida
in Mexico.
Present, only in Quintana Roo
. Review of Agricultural Entomology, 89(3), p 311 (2317).
Detailed records
Aleurodicus dispersus
(Alert List) is present in Andhra Pradesh and Maharashtra India, where it is a pest of guava (
Psidium guajava
). Review of Agricultural Entomology, 89(1), p 40 (275 ; 277).
During studies carried out in 1990-94,
Numonia pirivorella
(EPPO A2 pest) was identified as an important pest of pears in Neimenggu, China. Review of Agricultural Entomology, 89(3), p 304 (2259).
Anthomonus eugenii
(EPPO A1 quarantine pest) occurs in Baja California, Mexico. Review of Agricultural Entomology, 89(1), p 50 (353 ; 354).
Bemisia tabaci
(EPPO A2 quarantine pest), biotype B, is present in Iran. Review of Agricultural Entomology, 89(4), p 446 (3335).
Cydia inopinata
(EPPO A2 quarantine pest) occurs in the western part of Henan province, China. Review of Agricultural Entomology, 89(2), p 234 (1718).
Dacus ciliatus
(EPPO A1 quarantine pest) was identified on cucurbit crops in Bangladesh. This confirms earlier reports. Review of Agricultural Entomology, 89(5), p 561 (4191).
Frankliniella occidentalis
(EPPO A2 quarantine pest) occurs in Arkansas, USA. Review of Agricultural Entomology, 89(3), p 320 (2395).
Frankliniella occidentalis
(EPPO A2 quarantine pest) occurs in Auckland, New Zealand (Anonymous, 2001).
In a paper (van den Berg ; Greenland, 2000) reviewing the literature on
Tamarixia dryi
, a parasitoid of
Trioza erytreae
(EPPO A1 quarantine pest), it is stated that
Liberobacter africanum
(causal agent of citrus greening - EPPO A1 quarantine pest) has been a serious problem on St Helena since the 1980s. This statement confirms earlier reports on the possible presence of
L. africanum
in St Helena.
Liberobacter asiaticum
(EPPO A1 quarantine pest – causal agent of citrus greening) was found on pomelos and mandarins in Irian Jaya, Indonesia. It was not detected in Papua New Guinea or north Queensland (Australia). Review of Plant Pathology, 80(4), p 359 (2645).
Liriomyza trifolii
(EPPO A2 quarantine pest) occurs in Uttar Pradesh, India. Review of Agricultural Entomology, 89(1), p 45 (310).
Microcephalothrips abdominalis
(EPPO Alert List) is present in Florida, US. Review of Agricultural Entomology, 89(1), p 49 (344).
Opogona sacchari
(EPPO A2 quarantine pest) was recently found in Guangdong, China, where it caused serious damage to ornamental plants. Review of Agricultural Entomology, 89(3), p 339 (2548).
Scirtothrips aurantii
(EPPO A1 quarantine pest) occurs in Mpumalanga Province, South Africa. It causes severe fruit lesions on mango fruits (Grové
et al
., 2000).
Xanthomonas axonopodis
pv.
citri
(EPPO A1 quarantine pest) was identified on citrus (in small and isolated foci) in Irian Jaya, Indonesia. Review of Plant Pathology, 80(4), p 359 (2644).
New host plants
In the Punjab Province of Pakistan,
Cotton leaf curl begomovirus
-Pakistan was found in radish plants (
Raphanus sativus
) showing symptoms of leaf curl and enations (Mansoor
et al
., 2000).
In Thailand, melon (
Cucumis melo
var.
reticulatus
) plants showing symptoms of a yellow leaf disease have been observed since 1983. Molecular studies revealed the presence of a virus showing 97% sequence similarity with
Tomato leaf curl begomovirus
from India (Samretwanich
et al
., 2000).
Sources
Anonymous (2001) New organism records: 6/1/01 – 16/2/01.
Biosecurity no. 26, 15 March 2001, p 23. MAFF, Wellington (NZ).
Grové, T.; Giliomee, J.H.; Pringle, K.L. (2000) Treatment levels for citrus thrips,
Scirtothrips aurantii
(Thysanoptera: Thripidae), in mango orchards.
African Plant Protection, 6(1), 17-20.
Mansoor, S.; Mukhtar, S.; Hussain, M.; Amin, I.; Zafar, Y.; Malik, K.A.; Markham, P.G. (2000) Widespread occurrence of
Cotton leaf curl virus
on radish in Pakistan.
Plant Disease, 84(7), p 809.
Samretwanich, K.; P. Chiemsombat, P.; Kittipakorn, K.; Ikegami, M. (2000) Yellow leaf disease of muskmelon from Thailand caused by Tomato leaf curl virus.
Plant Disease, 84(6), p 707.
van den Berg, M.A.; Greenland, J. (2000)
Tamarixia dry
i, parasitoid of the citrus psylla,
Trioza erytreae
: a review.
African Plant Protection, 6(1), 25-28.
EPPO
Secretariat
, 2001-05.
Nematological Abstracts, 69(4). December 2000.
Review of Agricultural Entomology, 88(10 ; 12). October and December 2000.
Review of Agricultural Entomology, 89(1-5). January to May 2001.
Review of Plant Pathology, 79(10, 11, 12). October, November and December 2000
Review of Plant Pathology, 80(4). April 2001"
LIBEAF,'Candidatus Liberibacter africanus',1996/32,Proposed names for citrus greening bacterium and lime witches' broom phytoplasma,1996-02,https://gd.eppo.int/reporting/article-3987,"EPPO Reporting Service no. 02 - 1996
Num. article:
1996/32
Proposed names for citrus greening bacterium and lime witches' broom phytoplasma
The greening disease of citrus (EPPO A1 quarantine pest) is caused by a phloem-restricted bacterium which has not been cultured. Characterization studies have been carried out on an Asian strain and an African strain of this bacterium and it was suggested that those two strains could belong to a new group of Proteobacteria, provisionally called 'Liberobacter'. Further genetic studies carried out on the African and Asian liberobacter indicated that they represent 2 different species in the proposed genus
Liberobacter
. Therefore the names '
Candidatus
Liberobacter asiaticum
' and '
Candidatus
Liberobacter africanum'
are proposed for the two forms of citrus greening.
Lime witches' broom phytoplasma (EU Annex II/A1) has been characterized by studying its genome size, the sequences of its 16S ribosomal DNA and the 16S-23S ribosomal DNA spacer region, and hybridization profiles obtained by using specific probes. The size of the phytoplasma genome is 720 kbp. Genomic similarities with the phytoplasmas of sunhemp (
Crotalaria juncea
), sesame and lucerne phyllody were demonstrated, and it was found that the lime witches' broom phytoplasma belongs to the sunhemp phyllody phylogenetic subgroup. A proposal has been made to designate the causal agent of lime witches' broom, as '
Candidatus
Phytoplasma aurantifolia'
. This name has an interim taxonomic status because 'Phytoplasma' has been approved only as a trivial name for MLOs, and not for a genus.
Sources
Jagoueix, S.; Bové, J.M.; Garnier, M. (1994) The phloem-limited bacterium of greening disease of citrus is a member of the alpha subdivision of the Proteobacteria.
International Journal of Systematic Bacteriology, 44(3), 379-386.
Planet, P.; Jagoueix, S.; Bové, J.M.; Garnier, M. (1995) Detection and characterization of the African citrus greening liberobacter by amplification, cloning and sequencing of the rlp KAJL - rpo BC operon.
Current Microbiology, 30(3), 137-141.
Zreik, L.; Carle, P.; Bové, J.M.; Garnier, M. (1995) Characterization of the mycoplasmalike organism associated with witches' broom disease of lime and proposition of a
Candidatus
taxon for the organism ""
Candidatus
Phytoplasma aurantifolia
"".
International Journal of Systematic Bacteriology, 45(3), 449-453."
LIBEAF,'Candidatus Liberibacter africanus',1994/160,EPPO Distribution List for citrus greening bacterium,1994-08,https://gd.eppo.int/reporting/article-4650,"EPPO Reporting Service no. 08 - 1994
Num. article:
1994/160
EPPO Distribution List for citrus greening bacterium
Due to the new record of citrus greening bacterium in Vietnam (probably the heat-tolerant form) and data provided by Yemen, its geographical distribution can be modified as follows.
EPPO Distribution List: Citrus greening bacterium
EPPO region: Absent.
Heat-sensitive form of the disease:
Asia: Saudi Arabia, Yemen.
Africa: Comoros, Ethiopia, Kenya, Madagascar, Mauritius, Réunion, Saint-Helena (unconfirmed), South Africa, Swaziland, Tanzania, Zimbabwe.
Heat-tolerant form of the disease:
Asia: China, India (unconfirmed), Hong Kong (few reports), Indonesia, Japan (Ryukyu islands only), Malaysia, Nepal, Pakistan, Philippines, Saudi Arabia, Taiwan, Thailand, Vietnam.
Africa: Mauritius, Réunion.
Note that both forms of the disease exist in Réunion, Mauritius and Saudi Arabia. The Mediterranean area and most of the Middle East (e.g Iran) are still free from the disease. The infested area which is closest to the Mediterranean zone extends south of Mecca, along the Red Sea.
This distribution list replaces all previous published EPPO Distribution Lists on Citrus greening bacterium!
Sources
EPPO Secretariat, 1994-07."
LIBEAF,'Candidatus Liberibacter africanus',1993/68,Distribution of Citrus greening bacterium,1993-04,https://gd.eppo.int/reporting/article-4858,"EPPO Reporting Service no. 04 - 1993
Num. article:
1993/68
Distribution of Citrus greening bacterium
Due to the new report of Citrus greening bacterium (EPPO A1 pest) in Tanzania the distribution of this pathogen is as follows:
EPPO distribution list: Citrus greening bacterium
EPPO region: Absent.
Africa: Comoros, Ethiopia, Kenya, Madagascar, Malawi Mauritius, R‚union, South Africa, St. Helena, Swaziland, Tanzania, Zimbabwe.
Asia: China, Hong Kong, India, Indonesia, Japan, Malaysia, Nepal, Pakistan, Philippines, Saudi Arabia, Taiwan, Thailand, Yemen.
Sources
EPPO Secretariat, Paris (1993-02)"
LIBEAF,'Candidatus Liberibacter africanus',1993/67,Citrus greening bacterium present in Tanzania,1993-04,https://gd.eppo.int/reporting/article-4857,"EPPO Reporting Service no. 04 - 1993
Num. article:
1993/67
Citrus greening bacterium present in Tanzania
Citrus greening bacterium (EPPO A1 pest) as well as its African vector Trioza erytreae (EPPO A1 pest) are present in Tanzania. The areas of the disease spread can be divided into four zones:
Zone A: This zone includes the highlands with ;1200 m elevation. Citrus greening bacterium and the vector are widespread and occur in high populations.
Zone B: (800-1200 m elevation) Very high vector populations occur in this zone, but disease intensity is only moderate.
Zone C: (500-800 m elevation) This zone is characterized by a low vector population and disease intensity level.
Zone D: (;400 m elevation) Vector and disease are absent from these areas.
Sources
Evers, G.; Grisoni, M. (1991) Present situation of the citrus greening disease in Tanzania and proposal for control strategies.
Fruits (Paris) 46, 171-177."
LIBEAF,'Candidatus Liberibacter africanus',1992/03,Presence of citrus greening bacterium and citrus tristeza closterovirus in India,1992-04,https://gd.eppo.int/reporting/article-5101,"EPPO Reporting Service no. 04 - 1992
Num. article:
1992/03
Presence of citrus greening bacterium and citrus tristeza closterovirus in India
A survey was carried out in the North-Eastern States of India (Assam Meghalaya, Manipur and Arunadhal Pradesh) to determine distribution of citrus greening bacterium (EPPO A1 organism) and citrus tristeza closterovirus (EPPO A2 organism).
Symptoms of greening and tristeza were not observed on Citrus macroptera and C. indica growing wild in Meghalaya.  Vectors of greening and tristeza, Diaphorina citri (EPPO A1 pest) and Toxoptera citricida (EPPO A1 pest), were present on most of the surveyed trees.
The authors concluded that the results indicate that citrus greening bacterium and citrus tristeza closterovirus are present in Khasi orange and that tristeza is also present in Khasi line and Assam lemon in the North-East of India.
Sources
Bhagabati, K.N. ; Ahlawat, Y.S. ; Chakraboty, N.K. ; Borthakur, B.C.  (1989)  Distribution of greening, tristeza and mosaic diseases of citrus in North-Eastern States of India.
India Phytopathology 42, 552-555"
LIBEAF,'Candidatus Liberibacter africanus',1990/01,"Key points at Third Arab Congress of Plant Protection, El Ain (United Arab Emirates),1988-12-05/09",1990-04,https://gd.eppo.int/reporting/article-5597,"EPPO Reporting Service no. 04 - 1990
Num. article:
1990/01
Key points at Third Arab Congress of Plant Protection, El Ain (United Arab Emirates),1988-12-05/09
Citrus diseases
The importance of the threat of
Xanthomonas campestris
pv.
citri
to Arab and Mediterranean countries was stressed. It already occurs in Saudi Arabia, United Arab Emirates, and Yemen Arab Republic (EPPO Reporting Service 462). Citrus greening bacterium presents an equally great threat. In addition to its recorded occurrence in Saudi Arabia and Yemen Arab Republic; it has now been recorded, with its vector
Trioza erytreae
in People's Democratic Republic of Yemen.
·
Bayoud disease
Still restricted to Algeria and Morocco,
Fusarium oxysporum
f.sp.
albedinis
(EPPO A2 list) presents a major threat to the dategrowing countries of the Eastern Mediterranean and Near East.
Workshop on Fruit Crop Improvement in Arab Countries
A workshop was organized on fruit tree sanitation, with the main emphasis on virus and virus-like diseases of citrus, grapevine and
Prunus
, and on the maintenance of healthy planting material and establishment of certification schemes. Many of the details presented have been published in UNDP/FAO Report RAB/86/018 on 'Fruit Crop Sanitation in the Mediterranean and Near East Region status and requirements' (see EPPO Reporting Service nos 504/02, 504/03, 504/04).
Tomato yellow leaf curl geminivirus
This virus, already noted as a serious problem (EPPO Reporting Service 503/07), transmitted by
Bemisia tabaci
(EPPO A2 list) is widespread in the Near East and currently causes very severe problems on irrigated tomato and pepper crops throughout the area.
Sources
Third Arab Congress of Plant Protection"
LIBEAF,'Candidatus Liberibacter africanus',1990/09,Citrus greening bacterium,1990-03,https://gd.eppo.int/reporting/article-5589,"EPPO Reporting Service no. 03 - 1990
Num. article:
1990/09
Citrus greening bacterium
Citrus greening bacterium (EPPO Al List) causes the most serious disease of citrus in Kenya. Control is based on control of the vector
Trioza erytreae
(EPPO Al List), provision of disease-free planting material and microinjection of citrus trees with pyrrolidinomethyl tetracycline (A.A. Seif, Kenya Agricultural Research Institute, Nairobi, KE). In South China, provision of disease-free planting material and vector control have produced a new generation of healthy citrus groves. However, in other areas of Asia and Africa, small contiguous citrus plantings under separate ownership face serious greening problems. A China and South-East Asia Greening Project is evaluating control strategies (B. Aubert
et al.;
abstract P. IX-2-125).
Sources
Abstracts of the 5
th
International Congress of Plant Pathology, Kyoto (JP), 1988-08-20/27"
LIBEAF,'Candidatus Liberibacter africanus',1986/01,New records of A1 and A2 pests in Near East,1986-07,https://gd.eppo.int/reporting/article-5763,"EPPO Reporting Service no. 07 - 1986
Num. article:
1986/01
New records of A1 and A2 pests in Near East
According to the Arab and Near East Plant Protection Newsletter, published by the Arab Society of Plant Protection and the Near East Regional Office of FAO, the following new records of Al and A2 pests have been made in the Near East:
Cyprus
:
Parabemisia myricae
*
Lebanon
:
Liriomyza trifolii
Syria
:  plum pox virus
Yemen Arab Republic
:  Citrus greening bacterium
Trioza erytreae
* now proposed by Working Party on Phytosanitary Regulations to EPPO Council for the A2 list.
Sources
Arab and Near East Plant Protection Newsletter"
